Player,Nation,Team,Position,Age,Season,League,Goals,Assists,Goals + Assists,Non-Penalty Goals,Penalty Kicks Made,Penalty Kicks Attempted,Yellow Cards,Red Cards,xG: Expected Goals,npxG: Non-Penalty xG,xAG: Exp. Assisted Goals,npxG + xAG,Progressive Carries,Progressive Passes,Progressive Passes Rec,Shots Total,Shots on Target,Shots on Target %,Goals/Shot,Goals/Shot on Target,Average Shot Distance,Shots from Free Kicks,npxG/Shot,Goals - xG,Non-Penalty Goals - npxG,Passes Completed,Passes Attempted,Pass Completion %,Total Passing Distance,Progressive Passing Distance,Passes Completed (Short),Passes Attempted (Short),Pass Completion % (Short),Passes Completed (Medium),Passes Attempted (Medium),Pass Completion % (Medium),Passes Completed (Long),Passes Attempted (Long),Pass Completion % (Long),xA: Expected Assists,Key Passes,Passes into Final Third,Passes into Penalty Area,Crosses into Penalty Area,Live-ball Passes,Dead-ball Passes,Passes from Free Kicks,Through Balls,Switches,Crosses,Throw-ins Taken,Corner Kicks,Inswinging Corner Kicks,Outswinging Corner Kicks,Straight Corner Kicks,Passes Offside,Passes Blocked,Shot-Creating Actions,SCA (Live-ball Pass),SCA (Dead-ball Pass),SCA (Take-On),SCA (Shot),SCA (Fouls Drawn),SCA (Defensive Action),Goal-Creating Actions,GCA (Live-ball Pass),GCA (Dead-ball Pass),GCA (Take-On),GCA (Shot),GCA (Fouls Drawn),GCA (Defensive Action),Tackles,Tackles Won,Tackles (Def 3rd),Tackles (Mid 3rd),Tackles (Att 3rd),Dribblers Tackled,Dribbles Challenged,% of Dribblers Tackled,Challenges Lost,Blocks,Shots Blocked,Interceptions,Tkl+Int,Clearances,Errors,Touches,Touches (Def Pen),Touches (Def 3rd),Touches (Mid 3rd),Touches (Att 3rd),Touches (Att Pen),Touches (Live-Ball),Take-Ons Attempted,Successful Take-Ons,Successful Take-On %,Times Tackled During Take-On,Tackled During Take-On Percentage,Carries,Total Carrying Distance,Progressive Carrying Distance,Carries into Final Third,Carries into Penalty Area,Miscontrols,Dispossessed,Passes Received,Second Yellow Card,Fouls Committed,Fouls Drawn,Offsides,Penalty Kicks Won,Penalty Kicks Conceded,Own Goals,Ball Recoveries,Aerials Won,Aerials Lost,% of Aerials Won,Goals Against,Shots on Target Against,Saves,Save Percentage,Wins,Draws,Losses,Clean Sheets,Clean Sheet Percentage,Penalty Kicks Allowed,Penalty Kicks Saved,Penalty Kicks Missed,Save% (Penalty Kicks),Advanced Goalkeeping,Free Kick Goals Against,Corner Kick Goals Against,Own Goals Scored Against Goalkeeper,Post-Shot Expected Goals,PSxG/SoT,PSxG-GA,Passes Completed (Launched),Passes Attempted (Launched),Pass Completion Percentage (Launched),Passes Attempted (GK),Throws Attempted,Launch %,Average Pass Length,Goal Kicks,Launch% (Goal Kicks),Avg. Length of Goal Kicks,Crosses Faced,Crosses Stopped,Crosses Stopped %,Def. Actions Outside Pen. Area,Avg. Distance of Def. Actions
Kevin De Bruyne,be BEL,Manchester City,"MF,FW",33,24-25,EPL,0.21,0.37,0.58,0.21,0.0,0.0,0.11,0.0,0.27,0.27,0.42,0.69,2.7,8.3,7.93,3.01,0.79,0.263,0.07,0.27,21.4,0.42,0.09,-0.06,-0.06,48.01,63.24,0.759,818.94,235.52,24.27,28.4,0.855,18.3,23.74,0.7709999999999999,4.76,8.41,0.5660000000000001,0.35,3.01,4.65,3.12,0.69,54.52,8.46,1.69,0.79,0.53,7.67,0.95,4.97,1.75,1.06,0.11,0.26,0.42,5.98,3.86,1.37,0.16,0.32,0.16,0.11,0.58,0.48,0.05,0.0,0.05,0.0,0.0,0.9,0.48,0.37,0.26,0.26,0.26,1.22,0.217,0.95,0.42,0.0,0.37,1.27,0.53,0.05,72.34,0.53,3.97,24.06,44.95,4.18,72.34,1.8,0.69,0.382,0.9,0.5,42.94,211.57,109.78,2.7,1.06,1.37,1.48,53.99,0.0,0.9,0.95,0.26,0.0,0.0,0.0,3.38,0.26,0.85,0.238,,,,,,,,,,,,,,,,,,,,,,,,,,,,,,,,,,,
Erling Haaland,no NOR,Manchester City,FW,24,24-25,EPL,0.72,0.1,0.82,0.63,0.1,0.13,0.07,0.0,0.72,0.62,0.1,0.72,0.79,0.66,4.08,3.42,1.81,0.529,0.18,0.35,12.3,0.03,0.19,0.0,0.01,8.39,12.53,0.669,101.51,19.51,5.76,8.09,0.711,1.94,2.76,0.7020000000000001,0.13,0.2,0.667,0.07,0.95,0.33,0.26,0.03,12.24,0.23,0.0,0.03,0.0,0.1,0.03,0.0,0.0,0.0,0.0,0.07,0.36,2.34,1.68,0.0,0.26,0.33,0.07,0.0,0.3,0.2,0.0,0.07,0.03,0.0,0.0,0.36,0.2,0.1,0.1,0.16,0.1,0.26,0.375,0.16,0.39,0.03,0.16,0.53,0.76,0.0,21.02,0.72,1.32,7.3,12.63,6.25,20.89,1.18,0.43,0.361,0.66,0.556,10.2,49.14,18.98,0.49,0.76,1.48,0.89,15.72,0.0,0.79,0.43,0.13,0.0,0.0,0.0,1.12,1.88,1.64,0.5329999999999999,,,,,,,,,,,,,,,,,,,,,,,,,,,,,,,,,,,
Casemiro,br BRA,Manchester Utd,MF,32,24-25,EPL,0.06,0.0,0.06,0.06,0.0,0.0,0.3,0.0,0.11,0.11,0.14,0.25,0.24,5.06,1.69,1.93,0.6,0.313,0.03,0.1,19.5,0.0,0.06,-0.05,-0.05,46.99,59.64,0.7879999999999999,783.73,245.12,22.23,25.6,0.868,18.86,22.53,0.8370000000000001,4.16,6.81,0.611,0.12,1.33,4.88,1.39,0.36,58.01,1.14,1.02,0.54,0.54,1.2,0.12,0.0,0.0,0.0,0.0,0.48,1.75,3.19,2.95,0.06,0.0,0.18,0.0,0.0,0.24,0.24,0.0,0.0,0.0,0.0,0.0,5.0,3.01,3.01,1.39,0.6,2.71,4.46,0.608,1.75,2.35,0.6,0.84,5.84,3.07,0.18,75.3,4.52,22.53,38.13,15.12,2.59,75.3,0.36,0.18,0.5,0.18,0.5,39.76,123.31,56.27,0.6,0.0,0.72,0.6,48.19,0.0,1.2,1.14,0.24,0.0,0.0,0.0,6.2,2.17,1.14,0.655,,,,,,,,,,,,,,,,,,,,,,,,,,,,,,,,,,,
Mohamed Salah,eg EGY,Liverpool,FW,32,24-25,EPL,0.77,0.48,1.25,0.53,0.24,0.24,0.03,0.0,0.67,0.49,0.38,0.87,4.11,3.84,13.03,3.23,1.33,0.413,0.17,0.4,14.5,0.03,0.15,0.1,0.05,23.81,33.72,0.706,356.24,104.63,13.38,16.05,0.8340000000000001,8.06,11.56,0.6970000000000001,1.58,2.67,0.59,0.24,2.35,1.42,2.48,0.4,32.76,0.8,0.19,0.51,0.08,2.11,0.61,0.0,0.0,0.0,0.0,0.16,0.32,4.51,3.28,0.05,0.59,0.37,0.13,0.08,0.72,0.53,0.0,0.13,0.05,0.0,0.0,0.56,0.29,0.19,0.13,0.24,0.21,0.45,0.471,0.24,0.32,0.0,0.24,0.8,0.13,0.0,45.25,0.29,2.59,13.35,29.88,9.5,45.01,3.66,1.55,0.423,1.92,0.526,30.68,186.17,98.65,1.58,3.36,3.1,1.79,37.56,0.0,0.67,1.04,0.48,0.0,0.0,0.0,2.7,0.24,0.37,0.391,,,,,,,,,,,,,,,,,,,,,,,,,,,,,,,,,,,
Bruno Fernandes,pt POR,Manchester Utd,MF,29,24-25,EPL,0.24,0.3,0.54,0.15,0.09,0.09,0.15,0.06,0.3,0.23,0.25,0.48,2.3,9.69,3.85,2.77,0.78,0.28,0.05,0.19,22.6,0.36,0.08,-0.06,-0.08,50.9,66.86,0.7609999999999999,910.77,319.03,23.92,27.41,0.873,18.76,22.93,0.818,6.65,12.08,0.551,0.24,2.71,6.38,2.53,0.33,59.28,7.07,2.92,0.92,0.66,5.55,0.57,2.71,1.31,0.66,0.15,0.51,0.86,5.76,4.06,1.1,0.15,0.18,0.21,0.06,0.39,0.3,0.06,0.0,0.03,0.0,0.0,2.51,1.49,0.81,1.13,0.57,1.01,2.53,0.4,1.52,1.04,0.18,0.78,3.28,1.04,0.09,79.0,1.85,12.76,37.66,29.31,2.39,78.91,2.0,0.84,0.418,0.98,0.493,45.98,216.02,115.29,1.94,0.42,1.28,1.28,55.26,0.03,0.95,1.19,0.06,0.0,0.0,0.0,6.35,0.66,0.84,0.44,,,,,,,,,,,,,,,,,,,,,,,,,,,,,,,,,,,
Marcus Rashford,eng ENG,Manchester Utd,"FW,MF",26,24-25,EPL,0.38,0.19,0.57,0.32,0.06,0.06,0.13,0.0,0.3,0.25,0.28,0.53,2.66,2.15,7.66,2.15,0.89,0.412,0.15,0.36,18.0,0.13,0.12,0.08,0.06,23.42,32.09,0.73,334.18,83.23,14.87,17.59,0.845,5.82,8.35,0.6970000000000001,1.46,3.35,0.434,0.22,1.77,0.95,1.58,0.63,29.62,2.41,0.38,0.57,0.38,3.48,0.32,1.39,1.01,0.0,0.0,0.06,0.63,3.54,2.41,0.38,0.32,0.25,0.19,0.0,0.25,0.19,0.0,0.0,0.06,0.0,0.0,1.08,0.7,0.25,0.32,0.51,0.44,0.95,0.467,0.51,0.63,0.0,0.32,1.39,0.63,0.0,42.22,0.32,3.1,15.63,24.11,4.05,42.15,3.86,1.14,0.295,2.47,0.639,26.58,163.67,75.89,1.84,1.71,1.39,0.44,31.01,0.0,0.57,0.63,0.51,0.0,0.0,0.0,2.41,0.38,0.95,0.286,,,,,,,,,,,,,,,,,,,,,,,,,,,,,,,,,,,
Bernardo Silva,pt POR,Manchester City,"MF,FW",29,24-25,EPL,0.13,0.13,0.27,0.13,0.0,0.0,0.24,0.0,0.13,0.13,0.17,0.3,3.4,4.52,6.74,1.08,0.37,0.344,0.13,0.36,12.4,0.0,0.12,0.0,0.0,52.15,60.1,0.868,797.06,151.72,29.56,31.99,0.924,18.67,21.37,0.8740000000000001,2.76,4.18,0.6609999999999999,0.15,1.79,2.93,1.35,0.24,55.75,4.31,1.85,0.13,0.2,2.02,1.48,0.54,0.17,0.0,0.0,0.03,0.98,3.1,2.73,0.1,0.13,0.03,0.1,0.0,0.27,0.27,0.0,0.0,0.0,0.0,0.0,1.89,1.25,0.57,1.01,0.3,0.84,1.89,0.446,1.04,1.21,0.24,0.78,2.66,1.08,0.1,69.24,1.69,11.97,28.42,29.53,4.75,69.24,2.06,0.94,0.4589999999999999,0.88,0.426,43.42,273.37,136.35,2.19,1.08,0.84,1.15,51.17,0.0,0.91,1.08,0.1,0.0,0.0,0.0,3.61,0.17,0.34,0.3329999999999999,,,,,,,,,,,,,,,,,,,,,,,,,,,,,,,,,,,
Jack Grealish,eng ENG,Manchester City,"FW,MF",28,24-25,EPL,0.12,0.12,0.25,0.12,0.0,0.0,0.37,0.0,0.14,0.14,0.22,0.37,8.61,6.49,14.73,1.87,0.62,0.3329999999999999,0.07,0.2,16.3,0.0,0.08,-0.01,-0.01,47.68,54.42,0.8759999999999999,709.64,123.08,30.83,33.08,0.932,14.36,16.35,0.878,2.25,3.25,0.6920000000000001,0.21,3.0,2.87,2.0,0.0,52.18,2.25,0.62,0.0,0.0,2.5,0.5,1.12,0.5,0.0,0.0,0.0,1.25,5.87,5.12,0.12,0.37,0.0,0.12,0.12,0.25,0.12,0.0,0.0,0.0,0.0,0.12,1.12,0.62,0.5,0.25,0.37,0.25,0.62,0.4,0.37,1.5,0.25,0.25,1.37,0.75,0.12,65.03,1.87,5.24,20.22,40.44,8.86,65.03,3.62,1.62,0.4479999999999999,1.12,0.31,46.93,359.63,213.95,2.87,5.74,1.25,2.0,52.8,0.0,0.62,3.12,0.0,0.0,0.0,0.0,3.25,0.12,0.87,0.125,,,,,,,,,,,,,,,,,,,,,,,,,,,,,,,,,,,
Omar Marmoush,eg EGY,Manchester City,"FW,MF",25,24-25,EPL,0.54,0.0,0.54,0.54,0.0,0.0,0.0,0.0,0.42,0.42,0.21,0.64,2.22,2.83,5.97,3.75,1.3,0.347,0.14,0.41,18.6,0.54,0.11,0.11,0.11,19.3,24.36,0.792,263.72,65.03,12.56,14.78,0.85,5.29,6.74,0.784,0.69,1.23,0.563,0.16,1.15,0.77,2.22,0.31,22.29,1.84,0.31,0.15,0.0,2.14,0.08,1.07,0.61,0.23,0.0,0.23,1.07,2.99,1.69,0.23,0.15,0.38,0.54,0.0,0.15,0.08,0.0,0.0,0.0,0.08,0.0,1.0,0.61,0.15,0.69,0.15,0.61,1.23,0.5,0.61,1.15,0.08,0.46,1.46,0.23,0.0,38.6,0.46,2.6,11.64,24.97,5.21,38.6,3.52,1.53,0.435,1.61,0.457,24.51,151.28,73.53,1.53,1.15,3.45,1.46,27.65,0.0,1.15,1.53,0.77,0.08,0.0,0.0,2.83,0.38,0.84,0.313,,,,,,,,,,,,,,,,,,,,,,,,,,,,,,,,,,,
Kai Havertz,de GER,Arsenal,"FW,MF",25,24-25,EPL,0.43,0.14,0.58,0.43,0.0,0.0,0.24,0.0,0.46,0.46,0.12,0.58,1.68,2.93,5.42,2.54,1.01,0.396,0.17,0.43,11.6,0.0,0.18,-0.02,-0.02,19.54,24.91,0.784,235.44,49.58,13.73,16.32,0.841,4.56,5.52,0.826,0.24,0.53,0.455,0.08,0.82,1.3,0.43,0.05,24.53,0.29,0.05,0.05,0.0,0.53,0.24,0.0,0.0,0.0,0.0,0.1,0.91,2.02,1.68,0.0,0.05,0.29,0.0,0.0,0.14,0.1,0.0,0.0,0.05,0.0,0.0,0.77,0.43,0.14,0.29,0.34,0.19,0.72,0.267,0.53,1.1,0.19,0.29,1.06,1.58,0.05,37.68,1.49,4.42,13.78,19.73,5.14,37.68,1.82,0.43,0.237,1.15,0.632,20.06,96.58,45.79,1.1,0.86,2.11,1.1,28.03,0.0,1.82,1.1,0.67,0.0,0.0,0.0,1.97,3.02,3.74,0.447,,,,,,,,,,,,,,,,,,,,,,,,,,,,,,,,,,,
Gabriel Jesus,br BRA,Arsenal,FW,27,24-25,EPL,0.44,0.0,0.44,0.44,0.0,0.0,0.59,0.0,0.44,0.44,0.1,0.55,2.22,2.81,8.44,2.96,1.04,0.35,0.15,0.43,11.1,0.0,0.15,0.0,0.0,23.09,30.05,0.768,300.49,55.95,15.25,18.95,0.805,6.07,6.96,0.872,0.59,0.89,0.667,0.07,1.18,1.48,1.33,0.15,29.16,0.44,0.0,0.15,0.0,1.04,0.44,0.0,0.0,0.0,0.0,0.44,1.33,2.66,1.48,0.0,0.15,0.74,0.15,0.15,0.59,0.15,0.0,0.0,0.44,0.0,0.0,1.48,0.89,0.59,0.44,0.44,0.59,1.33,0.444,0.74,1.48,0.15,0.59,2.07,1.18,0.0,44.26,1.33,4.14,15.99,24.42,7.11,44.26,3.26,1.33,0.409,1.48,0.455,26.5,141.07,63.95,0.89,1.63,1.92,1.92,32.12,0.0,2.07,1.48,1.33,0.0,0.0,0.0,4.14,1.33,2.66,0.3329999999999999,,,,,,,,,,,,,,,,,,,,,,,,,,,,,,,,,,,
Mason Mount,eng ENG,Manchester Utd,MF,25,24-25,EPL,0.14,0.0,0.14,0.14,0.0,0.0,0.43,0.0,0.46,0.46,0.09,0.55,2.17,4.77,5.93,2.89,1.3,0.45,0.05,0.11,15.0,0.0,0.17,-0.32,-0.32,29.95,36.61,0.818,436.25,102.59,17.36,19.97,0.87,8.39,10.27,0.8170000000000001,1.88,2.6,0.722,0.09,1.16,2.75,1.16,0.29,34.44,2.17,1.16,0.29,0.29,1.88,0.43,0.58,0.43,0.14,0.0,0.0,1.45,3.18,2.17,0.43,0.0,0.43,0.14,0.0,0.0,0.0,0.0,0.0,0.0,0.0,0.0,2.17,0.72,0.72,1.16,0.29,1.3,1.74,0.75,0.43,1.59,0.14,0.58,2.75,0.58,0.0,49.05,1.59,6.51,23.3,19.82,4.49,49.05,1.45,0.14,0.1,1.16,0.8,31.11,154.39,70.9,1.59,0.29,2.32,1.3,36.03,0.0,2.32,1.3,0.14,0.0,0.0,0.0,2.6,0.58,1.16,0.3329999999999999,,,,,,,,,,,,,,,,,,,,,,,,,,,,,,,,,,,
John Stones,eng ENG,Manchester City,"DF,MF",30,24-25,EPL,0.33,0.0,0.33,0.33,0.0,0.0,0.16,0.0,0.07,0.07,0.02,0.08,1.64,3.45,0.33,0.33,0.33,1.0,1.0,1.0,5.1,0.0,0.22,0.26,0.26,60.27,66.19,0.911,1048.14,262.94,27.76,29.4,0.944,26.44,28.58,0.925,5.09,6.57,0.775,0.03,0.33,6.9,0.0,0.0,63.89,2.14,1.15,0.0,0.49,0.0,0.0,0.0,0.0,0.0,0.0,0.16,0.33,1.31,1.31,0.0,0.0,0.0,0.0,0.0,0.33,0.33,0.0,0.0,0.0,0.0,0.0,0.99,0.33,0.49,0.33,0.16,0.82,0.82,1.0,0.0,0.82,0.49,0.66,1.64,3.12,0.16,72.59,6.57,23.32,38.43,11.17,0.66,72.59,0.33,0.33,1.0,0.0,0.0,47.96,352.45,194.29,2.3,0.0,0.33,0.0,54.69,0.0,0.33,0.33,0.0,0.0,0.0,0.0,3.61,1.31,0.99,0.5710000000000001,,,,,,,,,,,,,,,,,,,,,,,,,,,,,,,,,,,
Reece James,eng ENG,Chelsea,"DF,MF",24,24-25,EPL,0.08,0.08,0.17,0.08,0.0,0.0,0.08,0.0,0.03,0.03,0.06,0.09,0.59,5.42,1.02,0.93,0.25,0.273,0.09,0.33,23.2,0.25,0.04,0.05,0.05,60.71,72.3,0.84,1068.32,370.41,28.19,30.23,0.933,26.84,30.06,0.893,4.83,9.82,0.491,0.1,0.93,6.77,0.42,0.08,61.89,10.08,3.05,0.34,0.17,3.64,5.42,1.61,0.93,0.42,0.08,0.34,0.68,1.52,0.93,0.42,0.08,0.08,0.0,0.0,0.25,0.08,0.0,0.08,0.08,0.0,0.0,0.85,0.76,0.51,0.25,0.08,0.25,0.76,0.3329999999999999,0.51,1.19,0.51,1.1,1.95,1.95,0.34,80.6,3.64,22.61,43.69,14.9,0.59,80.6,1.44,0.59,0.412,0.51,0.353,41.15,158.92,69.6,0.34,0.08,0.59,0.76,51.39,0.0,0.68,0.93,0.0,0.0,0.0,0.0,5.59,1.95,0.76,0.7190000000000001,,,,,,,,,,,,,,,,,,,,,,,,,,,,,,,,,,,
Declan Rice,eng ENG,Arsenal,MF,25,24-25,EPL,0.13,0.22,0.35,0.13,0.0,0.0,0.22,0.03,0.11,0.11,0.21,0.32,2.87,6.12,2.99,1.53,0.45,0.292,0.08,0.29,19.6,0.06,0.07,0.02,0.02,43.84,52.57,0.8340000000000001,745.55,198.61,21.6,23.48,0.92,17.62,19.47,0.905,3.73,7.65,0.488,0.18,1.88,4.36,1.12,0.16,45.75,6.63,2.26,0.16,0.54,5.22,0.13,3.44,2.99,0.1,0.0,0.19,0.45,3.54,1.98,1.05,0.13,0.16,0.16,0.06,0.32,0.19,0.06,0.03,0.03,0.0,0.0,1.69,0.8,0.7,0.8,0.19,0.54,1.31,0.415,0.76,0.86,0.41,0.8,2.49,1.62,0.0,62.06,2.61,10.35,28.96,23.35,2.58,62.06,0.92,0.45,0.483,0.45,0.483,32.85,205.93,108.13,1.85,0.51,1.15,1.02,40.33,0.03,0.67,0.51,0.06,0.0,0.0,0.0,4.97,1.18,0.8,0.597,,,,,,,,,,,,,,,,,,,,,,,,,,,,,,,,,,,
Martin Ødegaard,no NOR,Arsenal,MF,25,24-25,EPL,0.12,0.31,0.43,0.08,0.04,0.04,0.15,0.0,0.19,0.15,0.21,0.37,3.56,9.99,5.96,1.86,0.58,0.313,0.04,0.13,19.2,0.12,0.08,-0.07,-0.08,47.88,58.03,0.825,744.66,211.35,26.25,28.99,0.905,17.38,20.01,0.868,3.1,5.65,0.5479999999999999,0.26,2.44,5.11,3.33,0.19,53.15,4.41,1.35,0.97,0.12,3.33,0.46,1.43,1.2,0.0,0.0,0.46,0.19,4.8,3.91,0.5,0.12,0.19,0.08,0.0,0.7,0.54,0.08,0.04,0.04,0.0,0.0,0.74,0.43,0.35,0.27,0.12,0.15,0.97,0.16,0.81,0.19,0.0,0.23,0.97,0.23,0.04,65.57,0.35,4.88,27.41,33.87,4.45,65.54,2.28,0.97,0.424,1.24,0.542,45.45,288.15,146.01,3.29,1.01,1.47,1.55,51.72,0.0,0.46,0.89,0.04,0.0,0.0,0.0,3.75,0.31,0.27,0.5329999999999999,,,,,,,,,,,,,,,,,,,,,,,,,,,,,,,,,,,
İlkay Gündoğan,de GER,Manchester City,MF,33,24-25,EPL,0.04,0.24,0.28,0.04,0.0,0.0,0.04,0.0,0.13,0.13,0.14,0.27,2.59,5.14,3.89,1.09,0.28,0.259,0.04,0.14,18.1,0.08,0.12,-0.09,-0.09,61.74,68.95,0.895,955.47,182.63,35.26,37.37,0.944,21.05,22.87,0.92,4.13,6.28,0.6579999999999999,0.18,1.78,4.37,0.93,0.08,64.37,4.37,1.34,0.28,0.12,2.43,0.16,1.86,1.26,0.16,0.04,0.2,0.61,3.56,2.71,0.45,0.2,0.16,0.04,0.0,0.53,0.4,0.04,0.0,0.04,0.04,0.0,1.01,0.53,0.2,0.61,0.2,0.4,0.97,0.417,0.57,0.61,0.0,0.53,1.54,0.93,0.0,76.6,1.82,10.93,37.61,28.91,2.71,76.6,1.66,0.69,0.415,0.65,0.39,45.26,251.38,121.46,2.31,0.45,1.17,1.01,59.92,0.0,0.61,1.09,0.04,0.04,0.0,0.0,4.7,0.57,0.45,0.56,,,,,,,,,,,,,,,,,,,,,,,,,,,,,,,,,,,
Phil Foden,eng ENG,Manchester City,"MF,FW",24,24-25,EPL,0.35,0.1,0.46,0.35,0.0,0.0,0.1,0.0,0.26,0.26,0.24,0.5,2.53,5.22,6.48,2.73,0.81,0.296,0.13,0.44,18.6,0.1,0.1,0.09,0.09,40.06,47.66,0.841,627.27,132.44,23.75,26.13,0.909,12.26,13.73,0.893,3.39,5.67,0.598,0.27,2.18,2.08,1.98,0.3,43.25,4.2,1.06,0.35,0.1,4.05,0.25,2.33,1.52,0.41,0.05,0.2,0.61,4.46,2.94,0.91,0.15,0.3,0.15,0.0,0.46,0.25,0.05,0.0,0.15,0.0,0.0,0.66,0.25,0.25,0.2,0.2,0.35,0.91,0.389,0.56,0.66,0.05,0.46,1.11,0.35,0.05,57.69,0.66,4.31,19.35,34.49,4.2,57.69,2.18,0.71,0.326,1.16,0.535,36.57,188.41,90.25,1.52,0.86,1.82,1.57,45.28,0.0,0.25,1.72,0.15,0.0,0.0,0.0,3.09,0.15,0.46,0.25,,,,,,,,,,,,,,,,,,,,,,,,,,,,,,,,,,,
Virgil van Dijk,nl NED,Liverpool,DF,33,24-25,EPL,0.08,0.03,0.11,0.08,0.0,0.0,0.14,0.0,0.06,0.06,0.02,0.08,0.59,5.35,0.16,0.73,0.22,0.296,0.11,0.38,13.1,0.03,0.08,0.02,0.02,72.65,79.32,0.916,1325.32,516.49,29.73,30.89,0.962,36.03,37.76,0.954,6.19,9.22,0.672,0.03,0.32,7.84,0.19,0.0,73.19,6.05,2.32,0.03,0.59,0.03,0.22,0.0,0.0,0.0,0.0,0.08,0.3,1.3,1.11,0.0,0.03,0.08,0.03,0.05,0.11,0.11,0.0,0.0,0.0,0.0,0.0,1.03,0.54,0.46,0.51,0.05,0.35,0.59,0.591,0.24,0.73,0.43,1.51,2.54,5.14,0.11,89.22,12.16,35.62,49.38,4.49,1.3,89.22,0.14,0.08,0.6,0.05,0.4,50.16,236.59,130.97,0.65,0.08,0.27,0.14,61.65,0.0,0.46,0.35,0.0,0.0,0.0,0.0,3.11,3.22,1.24,0.721,,,,,,,,,,,,,,,,,,,,,,,,,,,,,,,,,,,
Phil Foden,eng ENG,Manchester City,"MF,FW",24,24-25,EPL,0.35,0.1,0.46,0.35,0.0,0.0,0.1,0.0,0.26,0.26,0.24,0.5,2.53,5.22,6.48,2.73,0.81,0.296,0.13,0.44,18.6,0.1,0.1,0.09,0.09,40.06,47.66,0.841,627.27,132.44,23.75,26.13,0.909,12.26,13.73,0.893,3.39,5.67,0.598,0.27,2.18,2.08,1.98,0.3,43.25,4.2,1.06,0.35,0.1,4.05,0.25,2.33,1.52,0.41,0.05,0.2,0.61,4.46,2.94,0.91,0.15,0.3,0.15,0.0,0.46,0.25,0.05,0.0,0.15,0.0,0.0,0.66,0.25,0.25,0.2,0.2,0.35,0.91,0.389,0.56,0.66,0.05,0.46,1.11,0.35,0.05,57.69,0.66,4.31,19.35,34.49,4.2,57.69,2.18,0.71,0.326,1.16,0.535,36.57,188.41,90.25,1.52,0.86,1.82,1.57,45.28,0.0,0.25,1.72,0.15,0.0,0.0,0.0,3.09,0.15,0.46,0.25,,,,,,,,,,,,,,,,,,,,,,,,,,,,,,,,,,,
Virgil van Dijk,nl NED,Liverpool,DF,33,24-25,EPL,0.08,0.03,0.11,0.08,0.0,0.0,0.14,0.0,0.06,0.06,0.02,0.08,0.59,5.35,0.16,0.73,0.22,0.296,0.11,0.38,13.1,0.03,0.08,0.02,0.02,72.65,79.32,0.916,1325.32,516.49,29.73,30.89,0.962,36.03,37.76,0.954,6.19,9.22,0.672,0.03,0.32,7.84,0.19,0.0,73.19,6.05,2.32,0.03,0.59,0.03,0.22,0.0,0.0,0.0,0.0,0.08,0.3,1.3,1.11,0.0,0.03,0.08,0.03,0.05,0.11,0.11,0.0,0.0,0.0,0.0,0.0,1.03,0.54,0.46,0.51,0.05,0.35,0.59,0.591,0.24,0.73,0.43,1.51,2.54,5.14,0.11,89.22,12.16,35.62,49.38,4.49,1.3,89.22,0.14,0.08,0.6,0.05,0.4,50.16,236.59,130.97,0.65,0.08,0.27,0.14,61.65,0.0,0.46,0.35,0.0,0.0,0.0,0.0,3.11,3.22,1.24,0.721,,,,,,,,,,,,,,,,,,,,,,,,,,,,,,,,,,,
Thomas Partey,gh GHA,Arsenal,"MF,DF",31,24-25,EPL,0.13,0.06,0.19,0.13,0.0,0.0,0.13,0.0,0.07,0.07,0.07,0.14,1.16,5.95,1.54,0.84,0.29,0.346,0.15,0.44,19.2,0.0,0.09,0.05,0.05,53.99,61.78,0.8740000000000001,859.04,230.23,28.12,30.31,0.928,21.94,24.68,0.889,2.93,4.6,0.636,0.08,0.64,5.41,1.06,0.06,58.53,3.06,0.87,0.19,0.13,0.39,2.0,0.0,0.0,0.0,0.0,0.19,0.64,2.0,1.67,0.06,0.03,0.06,0.03,0.13,0.42,0.26,0.06,0.0,0.03,0.03,0.03,2.86,1.71,0.84,1.25,0.77,1.48,2.45,0.605,0.97,0.93,0.29,1.13,3.99,1.58,0.13,70.56,2.38,14.71,39.06,17.18,1.06,70.56,1.13,0.77,0.6859999999999999,0.29,0.257,40.41,219.51,118.77,1.35,0.1,0.77,0.55,50.23,0.0,1.45,1.0,0.03,0.0,0.0,0.0,4.44,0.9,0.87,0.509,,,,,,,,,,,,,,,,,,,,,,,,,,,,,,,,,,,
Joško Gvardiol,hr CRO,Manchester City,DF,22,24-25,EPL,0.14,0.0,0.14,0.14,0.0,0.0,0.05,0.0,0.13,0.12,0.06,0.17,2.5,7.25,3.32,1.1,0.33,0.3,0.13,0.42,12.9,0.0,0.11,0.01,0.02,67.4,74.73,0.902,1095.96,295.51,32.9,34.99,0.94,30.98,33.42,0.927,2.94,4.45,0.66,0.08,0.71,6.78,0.55,0.03,68.72,5.79,1.13,0.16,0.3,0.6,4.48,0.0,0.0,0.0,0.0,0.22,0.6,2.09,1.9,0.03,0.05,0.08,0.03,0.0,0.19,0.16,0.0,0.03,0.0,0.0,0.0,1.59,1.07,0.69,0.58,0.33,0.58,1.1,0.525,0.52,1.15,0.55,1.21,2.8,3.35,0.22,85.22,4.01,20.98,42.54,22.38,2.69,85.22,1.18,0.69,0.581,0.38,0.326,54.85,290.41,164.84,2.8,0.41,0.8,0.44,61.99,0.0,0.44,0.74,0.08,0.0,0.0,0.0,3.76,1.48,1.13,0.568,,,,,,,,,,,,,,,,,,,,,,,,,,,,,,,,,,,
Wesley Fofana,fr FRA,Chelsea,DF,23,24-25,EPL,0.0,0.0,0.0,0.0,0.0,0.0,0.54,0.0,0.03,0.03,0.03,0.06,1.46,2.46,0.31,0.23,0.0,0.0,0.0,,10.6,0.0,0.13,-0.03,-0.03,55.6,61.66,0.902,941.62,262.24,23.5,25.03,0.939,29.56,31.95,0.925,2.0,3.23,0.619,0.02,0.46,4.15,0.08,0.0,58.21,3.38,1.77,0.0,0.0,0.08,1.54,0.0,0.0,0.0,0.0,0.08,0.38,1.15,0.92,0.08,0.08,0.08,0.0,0.0,0.0,0.0,0.0,0.0,0.0,0.0,0.0,1.0,0.92,0.46,0.54,0.0,0.46,1.08,0.429,0.61,1.08,0.69,1.08,2.07,4.22,0.15,71.65,6.22,28.41,40.16,4.22,0.77,71.65,1.15,0.61,0.5329999999999999,0.23,0.2,42.77,241.82,123.94,0.92,0.08,1.23,0.38,51.07,0.0,1.84,1.23,0.0,0.0,0.0,0.0,4.15,2.07,0.92,0.6920000000000001,,,,,,,,,,,,,,,,,,,,,,,,,,,,,,,,,,,
Bukayo Saka,eng ENG,Arsenal,"FW,MF",22,24-25,EPL,0.31,0.52,0.83,0.26,0.05,0.05,0.16,0.0,0.35,0.31,0.4,0.71,5.0,3.64,13.27,3.44,1.15,0.3329999999999999,0.08,0.23,15.6,0.05,0.09,-0.04,-0.05,28.73,38.05,0.755,437.66,129.46,17.39,19.31,0.9,8.02,11.14,0.72,2.34,4.79,0.489,0.41,3.02,0.78,1.98,0.62,33.52,4.32,0.36,0.21,0.1,6.09,0.62,3.33,2.92,0.0,0.1,0.21,1.15,6.09,3.7,1.04,0.62,0.52,0.21,0.0,1.2,0.73,0.26,0.1,0.05,0.05,0.0,1.51,0.78,0.47,0.57,0.47,0.68,1.25,0.542,0.57,1.15,0.0,0.16,1.67,0.42,0.0,50.96,0.31,2.97,11.24,37.22,8.43,50.91,4.68,2.13,0.456,1.93,0.411,32.69,221.38,128.05,1.67,2.65,1.77,2.08,37.01,0.0,0.78,2.03,0.36,0.05,0.0,0.0,3.64,0.52,1.04,0.3329999999999999,,,,,,,,,,,,,,,,,,,,,,,,,,,,,,,,,,,
Matthijs de Ligt,nl NED,Manchester Utd,DF,24,24-25,EPL,0.08,0.0,0.08,0.08,0.0,0.0,0.13,0.0,0.11,0.11,0.01,0.12,0.3,2.33,0.25,0.76,0.38,0.5,0.11,0.22,7.9,0.0,0.14,-0.02,-0.02,52.61,58.5,0.899,924.59,252.45,19.25,20.43,0.942,30.86,32.68,0.944,2.25,4.58,0.491,0.01,0.25,2.67,0.08,0.04,57.23,1.14,0.81,0.0,0.38,0.25,0.04,0.0,0.0,0.0,0.0,0.13,0.34,0.59,0.51,0.0,0.0,0.08,0.0,0.0,0.04,0.04,0.0,0.0,0.0,0.0,0.0,1.27,0.93,0.72,0.51,0.04,0.98,1.36,0.7190000000000001,0.38,1.23,0.89,1.4,2.67,4.07,0.0,68.17,7.8,35.1,30.99,2.37,1.23,68.17,0.17,0.08,0.5,0.08,0.5,45.7,201.11,94.32,0.13,0.0,0.21,0.13,49.09,0.0,0.68,0.51,0.08,0.0,0.08,0.0,2.88,2.46,1.23,0.667,,,,,,,,,,,,,,,,,,,,,,,,,,,,,,,,,,,
Christopher Nkunku,fr FRA,Chelsea,FW,26,24-25,EPL,0.29,0.2,0.49,0.29,0.0,0.0,0.2,0.0,0.47,0.47,0.21,0.67,1.66,2.44,6.65,2.44,1.07,0.44,0.12,0.27,12.6,0.0,0.19,-0.18,-0.18,29.22,32.64,0.895,383.84,74.27,18.08,19.74,0.916,9.28,10.07,0.922,0.59,0.59,1.0,0.1,1.37,2.54,0.68,0.0,31.95,0.68,0.1,0.2,0.1,0.39,0.0,0.2,0.0,0.0,0.0,0.0,0.68,3.32,2.05,0.0,0.49,0.49,0.1,0.2,0.39,0.1,0.0,0.1,0.1,0.1,0.0,1.17,0.78,0.29,0.39,0.49,0.59,0.78,0.75,0.2,0.88,0.2,0.68,1.86,0.98,0.0,43.78,0.98,5.08,17.88,21.21,5.08,43.78,2.64,0.98,0.37,1.37,0.519,27.36,133.68,61.37,1.56,1.27,1.76,1.66,34.79,0.0,1.56,1.07,0.29,0.0,0.0,0.0,2.83,1.56,2.15,0.421,,,,,,,,,,,,,,,,,,,,,,,,,,,,,,,,,,,
William Saliba,fr FRA,Arsenal,DF,23,24-25,EPL,0.06,0.0,0.06,0.06,0.0,0.0,0.06,0.03,0.07,0.07,0.03,0.09,0.47,4.09,0.18,0.18,0.06,0.3329999999999999,0.33,1.0,5.4,0.0,0.38,-0.01,-0.01,71.46,75.78,0.943,1227.78,371.37,30.39,31.72,0.958,37.17,38.68,0.961,3.64,4.56,0.799,0.04,0.21,5.33,0.18,0.0,74.27,1.36,1.07,0.03,0.3,0.09,0.12,0.0,0.0,0.0,0.0,0.15,0.3,0.8,0.74,0.0,0.0,0.03,0.0,0.03,0.03,0.03,0.0,0.0,0.0,0.0,0.0,1.84,1.1,1.1,0.68,0.06,0.62,0.83,0.75,0.21,0.74,0.44,0.62,2.46,3.52,0.21,83.63,5.63,33.38,46.53,4.21,0.53,83.63,0.56,0.36,0.632,0.18,0.316,52.0,225.84,123.02,0.5,0.03,0.56,0.24,63.29,0.0,0.83,0.5,0.03,0.0,0.03,0.0,4.56,1.81,1.07,0.629,,,,,,,,,,,,,,,,,,,,,,,,,,,,,,,,,,,
Harry Maguire,eng ENG,Manchester Utd,DF,31,24-25,EPL,0.05,0.0,0.05,0.05,0.0,0.0,0.36,0.0,0.09,0.09,0.03,0.12,0.36,2.61,0.36,0.77,0.31,0.4,0.07,0.17,8.2,0.0,0.12,-0.04,-0.04,49.4,57.75,0.855,919.71,319.25,18.12,20.07,0.903,26.47,29.08,0.91,4.1,7.12,0.5760000000000001,0.02,0.46,2.46,0.2,0.0,55.44,2.1,1.33,0.0,0.46,0.2,0.05,0.0,0.0,0.0,0.0,0.2,0.15,1.02,0.72,0.05,0.0,0.26,0.0,0.0,0.0,0.0,0.0,0.0,0.0,0.0,0.0,1.54,0.77,1.18,0.31,0.05,0.87,1.18,0.7390000000000001,0.31,0.77,0.61,2.05,3.58,3.99,0.05,67.99,7.53,33.38,31.54,3.89,2.25,67.99,0.26,0.1,0.4,0.15,0.6,40.03,246.81,105.26,0.46,0.15,0.51,0.1,43.82,0.0,0.92,0.56,0.1,0.0,0.0,0.0,3.48,3.28,1.28,0.7190000000000001,,,,,,,,,,,,,,,,,,,,,,,,,,,,,,,,,,,
Son Heung-min,kr KOR,Tottenham,FW,32,24-25,EPL,0.3,0.38,0.68,0.26,0.04,0.09,0.04,0.0,0.31,0.24,0.35,0.59,4.09,4.73,11.3,2.35,1.02,0.436,0.11,0.25,17.0,0.04,0.1,-0.01,0.02,31.14,39.46,0.789,440.74,122.25,19.07,21.24,0.898,8.79,10.88,0.8079999999999999,1.66,3.5,0.476,0.22,2.13,1.75,2.18,0.26,36.38,2.99,0.64,0.17,0.21,3.37,0.51,1.62,1.07,0.21,0.0,0.09,0.47,4.99,3.71,0.34,0.43,0.3,0.21,0.0,0.64,0.55,0.0,0.0,0.04,0.04,0.0,0.73,0.38,0.13,0.34,0.26,0.21,1.15,0.185,0.94,0.47,0.0,0.21,0.94,0.73,0.04,48.37,0.68,4.91,15.44,28.49,5.2,48.28,3.54,1.24,0.349,1.75,0.494,32.46,209.56,111.46,2.09,1.88,1.07,1.36,36.98,0.0,0.26,1.19,0.51,0.04,0.0,0.0,3.63,0.26,0.51,0.3329999999999999,,,,,,,,,,,,,,,,,,,,,,,,,,,,,,,,,,,
Gabriel Martinelli,br BRA,Arsenal,"FW,MF",23,24-25,EPL,0.31,0.16,0.47,0.31,0.0,0.0,0.04,0.0,0.29,0.29,0.2,0.49,4.87,2.04,11.36,2.16,0.94,0.436,0.15,0.33,12.9,0.0,0.14,0.02,0.02,19.61,27.47,0.7140000000000001,279.55,60.29,12.73,15.13,0.8420000000000001,5.31,7.59,0.6990000000000001,1.02,2.04,0.5,0.18,1.57,0.43,1.45,0.59,26.69,0.59,0.0,0.2,0.08,3.62,0.47,0.12,0.12,0.0,0.0,0.2,0.59,2.91,2.16,0.04,0.31,0.28,0.12,0.0,0.28,0.16,0.0,0.04,0.04,0.04,0.0,0.9,0.59,0.35,0.24,0.31,0.28,0.9,0.304,0.63,0.59,0.0,0.2,1.1,0.75,0.0,39.07,0.67,4.01,9.71,25.94,7.15,39.07,4.28,1.3,0.303,2.36,0.55,26.33,195.92,102.97,1.3,2.52,1.97,1.49,29.55,0.0,0.63,0.83,0.31,0.0,0.0,0.0,3.07,0.67,1.53,0.304,,,,,,,,,,,,,,,,,,,,,,,,,,,,,,,,,,,
Trent Alexander-Arnold,eng ENG,Liverpool,DF,25,24-25,EPL,0.11,0.23,0.34,0.11,0.0,0.0,0.19,0.0,0.07,0.07,0.28,0.35,1.94,8.83,3.58,1.71,0.3,0.178,0.07,0.38,23.6,0.11,0.04,0.04,0.04,55.1,75.01,0.735,1061.77,432.42,24.05,26.79,0.898,22.41,29.34,0.764,7.73,15.91,0.486,0.28,1.98,7.88,2.47,0.76,62.83,11.8,2.4,0.46,1.22,5.82,7.31,2.09,1.29,0.46,0.04,0.38,0.65,3.73,2.82,0.57,0.19,0.15,0.0,0.0,0.38,0.34,0.04,0.0,0.0,0.0,0.0,2.74,1.9,1.67,0.72,0.34,1.86,4.0,0.467,2.13,0.99,0.34,1.18,3.92,2.09,0.15,85.7,3.35,22.57,38.55,25.12,1.67,85.7,1.41,0.65,0.4589999999999999,0.65,0.4589999999999999,45.02,203.71,108.84,1.37,0.34,0.72,0.57,54.65,0.0,0.42,0.34,0.04,0.0,0.0,0.0,5.02,0.11,0.49,0.188,,,,,,,,,,,,,,,,,,,,,,,,,,,,,,,,,,,
Manuel Akanji,ch SUI,Manchester City,DF,29,24-25,EPL,0.0,0.0,0.0,0.0,0.0,0.0,0.13,0.0,0.07,0.07,0.02,0.08,2.06,7.06,0.31,0.67,0.09,0.133,0.0,0.0,14.7,0.0,0.1,-0.07,-0.07,72.93,77.93,0.936,1208.61,338.64,34.68,36.29,0.956,33.83,35.53,0.952,3.75,5.05,0.743,0.06,0.4,7.91,0.49,0.09,76.28,1.61,0.8,0.18,0.45,0.49,0.45,0.0,0.0,0.0,0.0,0.04,0.13,1.65,1.65,0.0,0.0,0.0,0.0,0.0,0.13,0.13,0.0,0.0,0.0,0.0,0.0,0.85,0.54,0.54,0.18,0.13,0.49,0.76,0.647,0.27,0.49,0.36,0.4,1.25,2.86,0.13,84.06,5.32,24.98,41.11,18.1,0.85,84.06,0.09,0.09,1.0,0.0,0.0,56.04,310.71,189.21,2.86,0.0,0.22,0.22,66.27,0.0,0.76,0.4,0.0,0.0,0.0,0.0,4.6,1.34,1.47,0.476,,,,,,,,,,,,,,,,,,,,,,,,,,,,,,,,,,,
Rúben Dias,pt POR,Manchester City,DF,27,24-25,EPL,0.0,0.0,0.0,0.0,0.0,0.0,0.16,0.0,0.06,0.06,0.01,0.07,1.7,6.34,0.32,0.83,0.28,0.3329999999999999,0.0,0.0,19.4,0.0,0.07,-0.06,-0.06,85.88,91.82,0.935,1491.84,481.23,35.67,36.82,0.969,44.31,45.93,0.965,4.76,7.01,0.6779999999999999,0.05,0.2,8.8,0.48,0.0,88.53,3.17,1.7,0.0,0.4,0.12,0.08,0.0,0.0,0.0,0.0,0.12,0.12,1.03,0.67,0.0,0.0,0.28,0.0,0.08,0.04,0.04,0.0,0.0,0.0,0.0,0.0,0.67,0.44,0.28,0.36,0.04,0.28,0.52,0.5379999999999999,0.24,0.91,0.79,0.79,1.47,2.81,0.16,99.04,8.56,33.17,53.94,12.17,1.03,99.04,0.12,0.08,0.667,0.04,0.3329999999999999,70.34,401.18,238.45,2.58,0.04,0.32,0.04,79.89,0.0,0.48,0.32,0.0,0.0,0.04,0.04,3.09,1.47,1.35,0.521,,,,,,,,,,,,,,,,,,,,,,,,,,,,,,,,,,,
Enzo Fernández,ar ARG,Chelsea,MF,23,24-25,EPL,0.18,0.21,0.4,0.18,0.0,0.0,0.24,0.0,0.19,0.19,0.21,0.39,1.83,6.47,3.85,1.62,0.61,0.377,0.11,0.3,18.1,0.06,0.11,0.0,0.0,46.36,58.03,0.799,817.73,229.41,21.38,24.1,0.887,19.12,22.51,0.8490000000000001,4.79,8.34,0.575,0.19,2.35,5.1,1.25,0.21,53.66,4.09,1.62,0.43,0.79,3.33,0.12,2.26,1.34,0.37,0.03,0.27,1.1,4.49,3.54,0.49,0.06,0.12,0.12,0.15,0.49,0.4,0.06,0.0,0.03,0.0,0.0,1.99,1.01,0.52,0.92,0.55,0.95,2.57,0.369,1.62,1.31,0.21,0.4,2.38,0.7,0.12,67.49,1.13,10.57,34.48,22.94,2.47,67.49,1.68,0.79,0.473,0.64,0.382,36.98,172.61,83.53,1.68,0.27,0.89,0.86,49.54,0.0,1.59,1.65,0.06,0.0,0.0,0.0,4.76,0.43,0.89,0.326,,,,,,,,,,,,,,,,,,,,,,,,,,,,,,,,,,,
Kyle Walker,eng ENG,Manchester City,DF,34,24-25,EPL,0.0,0.0,0.0,0.0,0.0,0.0,0.28,0.0,0.01,0.01,0.04,0.06,1.11,5.94,1.02,0.46,0.19,0.4,0.0,0.0,27.7,0.0,0.03,-0.01,-0.01,67.18,76.64,0.877,1106.72,363.53,34.05,36.0,0.946,28.3,30.99,0.913,3.9,7.61,0.512,0.12,0.65,5.85,0.65,0.37,67.45,9.19,1.67,0.19,0.65,1.3,7.52,0.0,0.0,0.0,0.0,0.0,0.84,1.58,1.58,0.0,0.0,0.0,0.0,0.0,0.0,0.0,0.0,0.0,0.0,0.0,0.0,1.58,0.93,0.65,0.65,0.28,1.3,2.41,0.5379999999999999,1.11,1.21,0.37,0.28,1.86,1.21,0.09,82.76,2.41,18.28,43.89,21.15,0.46,82.76,0.56,0.28,0.5,0.19,0.3329999999999999,46.3,211.92,102.62,1.21,0.0,0.84,0.19,58.45,0.0,0.56,0.46,0.09,0.0,0.0,0.0,4.27,0.84,0.65,0.563,,,,,,,,,,,,,,,,,,,,,,,,,,,,,,,,,,,
Marc Cucurella,es ESP,Chelsea,DF,26,24-25,EPL,0.15,0.03,0.18,0.15,0.0,0.0,0.3,0.03,0.08,0.08,0.06,0.15,1.05,3.55,3.52,0.72,0.33,0.4579999999999999,0.21,0.45,16.1,0.0,0.12,0.07,0.07,50.6,57.71,0.877,796.69,228.86,25.33,26.96,0.94,22.2,24.82,0.894,2.08,3.7,0.561,0.07,0.57,3.64,0.36,0.09,49.22,8.28,0.84,0.06,0.03,0.93,7.38,0.06,0.0,0.0,0.0,0.21,0.99,1.54,1.33,0.12,0.0,0.06,0.03,0.0,0.15,0.12,0.03,0.0,0.0,0.0,0.0,2.02,1.36,0.93,0.93,0.15,0.96,1.84,0.525,0.87,1.48,0.48,0.84,2.86,2.86,0.09,67.59,3.58,20.39,31.48,16.02,2.26,67.59,0.45,0.12,0.267,0.27,0.6,28.43,121.3,70.36,0.66,0.06,0.84,0.21,41.72,0.03,1.11,1.14,0.09,0.0,0.0,0.0,3.92,0.96,1.72,0.36,,,,,,,,,,,,,,,,,,,,,,,,,,,,,,,,,,,
James Maddison,eng ENG,Tottenham,MF,27,24-25,EPL,0.45,0.35,0.8,0.45,0.0,0.0,0.3,0.0,0.29,0.29,0.21,0.5,2.24,8.16,4.73,1.94,0.85,0.436,0.23,0.53,16.7,0.3,0.15,0.16,0.16,50.8,62.49,0.813,829.05,250.15,23.93,26.32,0.909,21.09,24.48,0.862,3.73,8.06,0.4629999999999999,0.29,2.04,6.12,1.59,0.25,55.62,6.57,2.39,0.6,0.25,4.88,0.25,2.94,1.84,0.4,0.0,0.3,0.55,4.73,3.28,0.65,0.35,0.15,0.3,0.0,0.9,0.6,0.1,0.15,0.05,0.0,0.0,1.54,0.95,0.4,0.8,0.35,0.45,1.44,0.31,1.0,0.75,0.2,0.6,2.14,0.95,0.05,72.84,1.29,10.45,34.38,28.66,3.83,72.84,3.83,1.64,0.429,1.69,0.442,51.04,255.12,113.38,1.94,1.0,1.14,1.24,55.97,0.0,1.59,3.18,0.2,0.0,0.0,0.0,3.78,0.25,0.35,0.417,,,,,,,,,,,,,,,,,,,,,,,,,,,,,,,,,,,
Cristian Romero,ar ARG,Tottenham,DF,26,24-25,EPL,0.06,0.0,0.06,0.06,0.0,0.0,0.19,0.0,0.1,0.1,0.04,0.14,0.76,4.51,0.19,1.02,0.51,0.5,0.06,0.13,9.1,0.0,0.1,-0.04,-0.04,69.53,77.73,0.895,1296.74,521.0,23.52,25.74,0.914,40.04,42.27,0.947,5.08,8.01,0.635,0.05,0.44,6.93,0.51,0.06,71.19,6.42,5.08,0.25,0.13,0.19,0.44,0.0,0.0,0.0,0.0,0.13,0.95,1.27,1.02,0.0,0.0,0.25,0.0,0.0,0.25,0.19,0.0,0.0,0.06,0.0,0.0,2.22,1.84,1.65,0.51,0.06,1.33,1.91,0.7,0.57,1.14,0.19,1.33,3.56,3.62,0.13,87.52,9.98,37.75,45.76,4.7,1.46,87.52,0.25,0.06,0.25,0.13,0.5,56.95,298.86,183.88,1.14,0.0,0.64,0.32,59.49,0.0,0.89,0.76,0.13,0.0,0.0,0.0,5.72,2.61,1.72,0.603,,,,,,,,,,,,,,,,,,,,,,,,,,,,,,,,,,,
Timo Werner,de GER,Tottenham,"FW,MF",28,24-25,EPL,0.0,0.52,0.52,0.0,0.0,0.0,0.0,0.0,0.17,0.17,0.44,0.61,7.33,5.23,15.52,1.4,0.52,0.375,0.0,0.0,18.2,0.0,0.12,-0.17,-0.17,27.56,41.16,0.669,415.64,104.13,13.95,16.92,0.825,10.64,15.0,0.7090000000000001,1.22,3.14,0.389,0.26,1.74,0.52,2.62,0.35,38.72,2.09,0.35,0.35,0.35,4.88,1.4,0.35,0.17,0.0,0.0,0.35,1.57,3.14,2.44,0.0,0.35,0.17,0.17,0.0,0.52,0.52,0.0,0.0,0.0,0.0,0.0,1.05,0.7,0.52,0.52,0.0,0.52,2.27,0.231,1.74,1.74,0.17,0.17,1.22,1.22,0.0,51.98,1.4,4.19,13.6,35.41,5.76,51.98,3.31,1.74,0.526,1.4,0.421,37.5,308.37,185.23,4.19,3.14,2.44,1.05,39.59,0.0,0.52,0.87,0.87,0.0,0.0,0.0,3.14,0.0,0.17,0.0,,,,,,,,,,,,,,,,,,,,,,,,,,,,,,,,,,,
Andrew Robertson,sct SCO,Liverpool,DF,30,24-25,EPL,0.0,0.04,0.04,0.0,0.0,0.0,0.11,0.04,0.04,0.04,0.17,0.21,2.32,6.38,3.92,0.54,0.07,0.133,0.0,0.0,14.9,0.0,0.08,-0.04,-0.04,56.53,68.35,0.8270000000000001,954.03,304.85,27.56,29.23,0.943,24.37,28.25,0.863,3.99,8.59,0.4639999999999999,0.16,1.45,5.44,1.12,0.62,57.26,10.88,1.81,0.15,0.22,5.33,6.93,2.14,1.49,0.4,0.0,0.22,0.22,2.9,2.47,0.33,0.04,0.04,0.0,0.04,0.15,0.15,0.0,0.0,0.0,0.0,0.0,1.41,0.8,0.91,0.36,0.15,1.12,1.85,0.608,0.73,0.36,0.15,0.76,2.18,1.96,0.07,75.57,3.34,19.54,34.09,22.48,1.92,75.57,0.65,0.25,0.389,0.36,0.556,40.14,179.17,103.27,1.89,0.22,0.91,0.47,50.73,0.0,0.4,0.29,0.11,0.0,0.04,0.04,3.81,0.25,0.51,0.3329999999999999,,,,,,,,,,,,,,,,,,,,,,,,,,,,,,,,,,,
Bruno Guimarães,br BRA,Newcastle Utd,MF,26,24-25,EPL,0.14,0.17,0.3,0.14,0.0,0.0,0.19,0.0,0.12,0.12,0.17,0.29,1.76,7.46,2.64,1.24,0.36,0.289,0.11,0.38,16.4,0.0,0.1,0.02,0.02,40.75,49.47,0.8240000000000001,672.34,216.26,20.25,22.29,0.909,15.99,18.43,0.867,3.25,5.53,0.5870000000000001,0.15,1.43,4.95,2.12,0.17,46.99,2.23,1.93,0.61,0.39,0.77,0.08,0.14,0.06,0.06,0.0,0.25,0.72,3.66,3.27,0.08,0.08,0.03,0.11,0.08,0.5,0.47,0.03,0.0,0.0,0.0,0.0,2.28,1.29,1.13,0.83,0.33,0.91,1.9,0.478,0.99,0.99,0.28,0.8,3.08,1.21,0.14,60.89,2.28,12.24,31.12,18.21,2.34,60.89,2.15,0.94,0.436,0.74,0.346,38.52,213.6,95.83,1.27,0.41,1.54,2.09,45.45,0.0,1.79,2.97,0.06,0.0,0.0,0.0,5.17,0.5,0.52,0.486,,,,,,,,,,,,,,,,,,,,,,,,,,,,,,,,,,,
Nathan Aké,nl NED,Manchester City,DF,29,24-25,EPL,0.0,0.0,0.0,0.0,0.0,0.0,0.0,0.0,0.03,0.03,0.0,0.03,1.59,6.64,0.27,0.4,0.0,0.0,0.0,,10.0,0.0,0.07,-0.03,-0.03,67.57,71.95,0.939,1104.56,391.59,32.92,33.58,0.98,31.46,32.39,0.971,2.65,4.51,0.588,0.03,0.13,5.58,0.13,0.0,68.23,3.45,1.73,0.0,0.0,0.13,0.93,0.0,0.0,0.0,0.0,0.27,0.66,1.06,1.06,0.0,0.0,0.0,0.0,0.0,0.0,0.0,0.0,0.0,0.0,0.0,0.0,1.19,0.93,0.93,0.27,0.0,0.53,0.8,0.667,0.27,0.93,0.27,0.4,1.59,2.92,0.13,79.12,6.77,27.21,43.94,8.1,0.66,79.12,0.13,0.13,1.0,0.0,0.0,53.5,297.88,199.25,1.59,0.13,0.53,0.4,59.6,0.0,0.27,0.0,0.0,0.0,0.0,0.0,3.19,1.73,1.33,0.565,,,,,,,,,,,,,,,,,,,,,,,,,,,,,,,,,,,
Pedro Neto,pt POR,Chelsea,FW,24,24-25,EPL,0.16,0.24,0.4,0.16,0.0,0.0,0.32,0.0,0.14,0.14,0.27,0.4,5.0,2.38,10.04,2.34,0.67,0.288,0.07,0.24,18.2,0.0,0.06,0.02,0.02,27.84,35.5,0.784,450.08,95.91,13.76,14.8,0.93,10.59,12.93,0.8190000000000001,2.38,5.04,0.472,0.19,1.82,1.19,1.47,0.91,32.01,3.41,0.56,0.0,0.2,5.91,0.52,2.22,0.63,0.6,0.2,0.08,0.48,3.57,2.54,0.36,0.24,0.28,0.16,0.0,0.36,0.2,0.04,0.08,0.04,0.0,0.0,0.91,0.36,0.36,0.36,0.2,0.36,0.83,0.429,0.48,0.56,0.08,0.36,1.27,0.24,0.0,45.73,0.52,3.97,13.33,29.15,4.6,45.73,4.13,1.35,0.327,1.82,0.442,29.59,251.32,132.56,2.26,1.78,1.78,1.19,33.24,0.0,0.83,1.31,0.12,0.0,0.0,0.0,3.21,0.44,1.19,0.268,,,,,,,,,,,,,,,,,,,,,,,,,,,,,,,,,,,
Jarrod Bowen,eng ENG,West Ham,"FW,MF",27,24-25,EPL,0.39,0.24,0.64,0.36,0.03,0.03,0.03,0.0,0.26,0.24,0.21,0.45,3.3,2.75,6.42,2.6,1.09,0.419,0.14,0.33,17.4,0.03,0.09,0.13,0.13,17.68,24.67,0.7170000000000001,286.86,81.34,9.87,11.75,0.84,5.66,7.57,0.748,1.63,2.85,0.574,0.2,1.54,1.24,1.39,0.24,21.86,2.63,0.18,0.21,0.12,3.21,0.09,1.33,0.85,0.45,0.0,0.18,0.54,3.42,2.12,0.39,0.18,0.39,0.27,0.06,0.45,0.33,0.06,0.03,0.03,0.0,0.0,1.24,0.79,0.39,0.36,0.48,0.58,1.21,0.475,0.64,0.67,0.12,0.48,1.73,0.76,0.0,37.9,0.85,4.0,14.11,20.52,5.18,37.87,3.94,1.33,0.3379999999999999,2.3,0.585,22.43,160.63,75.71,1.39,1.85,2.12,2.33,25.25,0.0,0.61,1.54,0.3,0.0,0.0,0.0,3.91,0.36,1.45,0.2,,,,,,,,,,,,,,,,,,,,,,,,,,,,,,,,,,,
Lucas Paquetá,br BRA,West Ham,"MF,FW",26,24-25,EPL,0.15,0.0,0.15,0.08,0.08,0.08,0.38,0.0,0.2,0.14,0.12,0.26,0.98,5.86,3.21,1.47,0.11,0.077,0.05,0.67,19.5,0.15,0.1,-0.05,-0.06,42.58,55.06,0.773,706.5,227.42,22.31,26.47,0.843,14.71,18.68,0.787,4.5,6.96,0.647,0.12,1.36,4.99,1.66,0.15,51.69,3.06,1.32,0.68,0.45,1.1,0.45,0.15,0.04,0.11,0.0,0.3,0.95,3.1,2.57,0.08,0.08,0.15,0.19,0.04,0.23,0.11,0.0,0.0,0.08,0.04,0.0,2.5,1.4,0.95,1.13,0.42,1.02,2.08,0.491,1.06,1.1,0.15,0.68,3.18,1.4,0.23,67.92,2.34,13.88,37.4,17.17,2.23,67.84,1.78,0.79,0.447,0.79,0.447,34.83,126.98,53.55,1.29,0.08,2.04,1.93,47.95,0.0,2.0,2.34,0.23,0.0,0.04,0.0,5.63,1.82,2.16,0.457,,,,,,,,,,,,,,,,,,,,,,,,,,,,,,,,,,,
Alexis Mac Allister,ar ARG,Liverpool,MF,25,24-25,EPL,0.17,0.17,0.35,0.17,0.0,0.0,0.21,0.0,0.1,0.1,0.16,0.26,1.25,6.13,2.77,1.32,0.45,0.342,0.13,0.38,18.1,0.03,0.07,0.08,0.08,44.08,52.77,0.835,704.49,199.05,22.79,25.24,0.903,17.07,19.32,0.884,3.08,5.54,0.556,0.19,1.56,4.22,1.21,0.07,48.58,4.02,1.21,0.21,0.1,2.98,0.31,2.46,0.9,1.25,0.0,0.17,1.9,4.16,2.87,0.83,0.07,0.21,0.07,0.1,0.52,0.35,0.1,0.0,0.07,0.0,0.0,3.29,2.01,0.97,1.77,0.55,1.9,3.6,0.529,1.7,2.11,0.21,0.76,4.05,1.0,0.03,64.41,1.94,9.83,33.24,22.06,2.08,64.41,1.45,0.55,0.381,0.73,0.5,31.65,130.65,69.57,1.49,0.17,1.07,0.76,42.49,0.0,2.15,1.39,0.07,0.0,0.0,0.0,5.13,0.66,1.18,0.358,,,,,,,,,,,,,,,,,,,,,,,,,,,,,,,,,,,
Alisson,br BRA,Liverpool,GK,31,24-25,EPL,,,,,,0.04,,,,,,,,,,,,,,,,,,,,,,,,,,,,,,,,,,,,,,,,,,,,,,,,,,,,,,,,,,,,,,,,,,,,,,,,,,,,,,,,,,,,,,,,,,,,,,,,,,,,,,,,,,,,,,,,1.04,3.59,2.62,0.708,0.65,0.25,0.11,0.32,0.3329999999999999,0.04,0.0,0.0,0.0,,0.0,0.07,0.07,1.09,0.3,0.09,2.44,7.28,0.335,31.47,4.59,0.1969999999999999,26.6,2.87,0.375,33.4,9.15,0.39,0.043,1.76,16.0
Ryan Gravenberch,nl NED,Liverpool,MF,22,24-25,EPL,0.0,0.11,0.11,0.0,0.0,0.0,0.17,0.03,0.03,0.03,0.09,0.12,1.99,5.16,1.57,0.57,0.14,0.25,0.0,0.0,24.5,0.0,0.06,-0.03,-0.03,48.93,54.88,0.892,737.77,185.92,26.12,28.22,0.925,19.37,20.99,0.923,1.82,2.96,0.615,0.1,0.74,4.3,1.0,0.06,53.8,0.91,0.46,0.23,0.2,0.2,0.28,0.0,0.0,0.0,0.0,0.17,0.71,1.94,1.71,0.0,0.14,0.06,0.0,0.03,0.17,0.17,0.0,0.0,0.0,0.0,0.0,1.97,1.0,0.77,0.83,0.37,0.91,1.59,0.5710000000000001,0.68,1.0,0.28,1.71,3.67,1.68,0.06,66.73,3.33,14.5,38.56,14.58,0.74,66.73,2.31,1.05,0.457,0.85,0.37,39.76,212.24,106.58,2.14,0.28,1.57,0.74,47.53,0.0,1.34,1.48,0.0,0.0,0.0,0.0,5.5,0.74,0.4,0.65,,,,,,,,,,,,,,,,,,,,,,,,,,,,,,,,,,,
Boubacar Kamara,fr FRA,Aston Villa,MF,24,24-25,EPL,0.05,0.0,0.05,0.05,0.0,0.0,0.1,0.0,0.04,0.04,0.05,0.09,0.99,4.43,0.37,0.52,0.16,0.3,0.1,0.33,19.6,0.0,0.08,0.01,0.01,43.02,48.55,0.8859999999999999,680.68,210.5,21.95,23.67,0.927,18.62,20.34,0.915,1.77,3.23,0.5479999999999999,0.04,0.57,4.75,0.52,0.0,47.14,1.41,1.3,0.26,0.0,0.05,0.0,0.0,0.0,0.0,0.0,0.0,0.63,1.41,1.04,0.05,0.05,0.1,0.05,0.1,0.1,0.1,0.0,0.0,0.0,0.0,0.0,2.61,1.1,1.46,0.94,0.21,1.51,2.92,0.518,1.41,0.99,0.37,0.99,3.6,2.66,0.16,58.04,4.95,17.94,33.22,7.35,0.63,58.04,1.41,0.47,0.3329999999999999,0.47,0.3329999999999999,30.82,155.18,71.44,0.68,0.1,0.63,0.89,39.32,0.0,1.56,1.83,0.0,0.0,0.0,0.0,4.54,1.1,1.36,0.447,,,,,,,,,,,,,,,,,,,,,,,,,,,,,,,,,,,
Emiliano Martínez,ar ARG,Aston Villa,GK,31,24-25,EPL,,,,,,0.06,,,,,,,,,,,,,,,,,,,,,,,,,,,,,,,,,,,,,,,,,,,,,,,,,,,,,,,,,,,,,,,,,,,,,,,,,,,,,,,,,,,,,,,,,,,,,,,,,,,,,,,,,,,,,,,,1.27,4.0,2.71,0.679,0.51,0.25,0.28,0.23,0.235,0.03,0.03,0.0,0.5,,0.03,0.06,0.0,1.29,0.32,0.01,4.56,11.83,0.386,34.04,3.72,0.257,30.4,4.85,0.593,46.3,14.03,1.58,0.1119999999999999,0.99,13.7
Youri Tielemans,be BEL,Aston Villa,MF,27,24-25,EPL,0.09,0.21,0.3,0.09,0.0,0.03,0.12,0.0,0.1,0.07,0.21,0.28,1.16,6.99,1.43,1.19,0.36,0.3,0.08,0.25,20.1,0.0,0.06,-0.01,0.01,50.38,61.3,0.8220000000000001,863.98,304.68,23.41,26.05,0.898,21.92,25.1,0.873,4.16,7.7,0.541,0.17,1.78,6.81,1.13,0.12,54.93,6.16,2.91,0.71,0.24,3.54,0.06,2.53,1.87,0.24,0.03,0.21,0.65,3.63,2.35,0.92,0.09,0.18,0.06,0.03,0.36,0.27,0.09,0.0,0.0,0.0,0.0,2.5,1.73,0.95,1.31,0.24,1.19,2.17,0.5479999999999999,0.98,1.13,0.48,0.68,3.18,1.4,0.12,70.94,3.06,14.25,40.63,16.8,1.34,70.91,1.81,0.92,0.508,0.57,0.311,38.31,165.4,75.87,0.77,0.27,0.92,0.86,49.58,0.0,1.22,1.67,0.0,0.0,0.0,0.0,4.31,0.65,0.54,0.55,,,,,,,,,,,,,,,,,,,,,,,,,,,,,,,,,,,
Anthony Gordon,eng ENG,Newcastle Utd,"FW,MF",23,24-25,EPL,0.22,0.18,0.41,0.18,0.04,0.07,0.07,0.0,0.3,0.24,0.18,0.42,4.47,3.62,7.91,2.11,0.59,0.281,0.09,0.31,17.0,0.04,0.11,-0.07,-0.06,26.62,36.31,0.733,411.47,134.67,14.68,17.16,0.856,9.02,11.54,0.782,2.07,4.62,0.4479999999999999,0.19,1.89,2.4,2.03,0.63,31.69,4.33,0.89,0.33,0.15,4.84,1.26,1.96,1.29,0.26,0.0,0.3,0.85,3.73,2.7,0.37,0.26,0.11,0.3,0.0,0.44,0.33,0.04,0.04,0.0,0.04,0.0,1.18,0.67,0.33,0.67,0.18,0.44,1.37,0.324,0.92,0.92,0.07,0.26,1.44,0.33,0.11,46.85,0.59,4.62,17.56,25.4,4.73,46.77,3.81,1.41,0.369,1.74,0.456,30.25,225.52,121.84,2.29,2.07,1.33,1.41,34.17,0.0,0.74,2.63,0.3,0.04,0.0,0.0,3.59,0.3,0.3,0.5,,,,,,,,,,,,,,,,,,,,,,,,,,,,,,,,,,,
Joelinton,br BRA,Newcastle Utd,"MF,FW",27,24-25,EPL,0.15,0.11,0.26,0.15,0.0,0.0,0.38,0.0,0.15,0.15,0.09,0.24,1.5,4.36,4.14,1.69,0.49,0.289,0.09,0.31,14.0,0.0,0.09,0.0,0.0,32.46,39.23,0.8270000000000001,458.8,127.27,19.9,22.68,0.877,10.42,12.04,0.866,1.24,2.07,0.6,0.09,0.87,3.01,0.64,0.08,38.14,0.98,0.41,0.26,0.08,0.6,0.53,0.0,0.0,0.0,0.0,0.11,1.13,2.29,1.73,0.08,0.04,0.19,0.04,0.23,0.34,0.26,0.0,0.0,0.04,0.0,0.04,2.14,1.32,0.87,0.87,0.41,0.94,1.65,0.568,0.71,1.39,0.26,0.87,3.01,1.77,0.08,51.15,2.52,9.63,25.2,16.85,3.12,51.15,1.73,0.56,0.326,1.05,0.609,27.42,135.32,67.17,0.98,0.34,1.47,1.99,35.13,0.0,2.18,1.32,0.26,0.0,0.0,0.0,5.6,2.22,1.73,0.562,,,,,,,,,,,,,,,,,,,,,,,,,,,,,,,,,,,
Mateo Kovačić,hr CRO,Manchester City,MF,30,24-25,EPL,0.25,0.08,0.33,0.25,0.0,0.0,0.2,0.04,0.08,0.08,0.15,0.23,2.29,6.72,0.66,1.84,0.49,0.267,0.13,0.5,22.9,0.0,0.04,0.17,0.17,71.33,77.06,0.926,1116.97,298.01,37.63,39.6,0.95,30.1,31.53,0.955,2.83,4.3,0.657,0.13,1.35,8.43,1.23,0.0,75.55,1.35,1.31,0.61,0.33,0.0,0.0,0.0,0.0,0.0,0.0,0.16,0.82,2.99,2.42,0.0,0.16,0.2,0.16,0.04,0.33,0.25,0.0,0.04,0.04,0.0,0.0,2.83,1.56,0.94,1.56,0.33,1.27,2.66,0.477,1.39,0.82,0.0,0.98,3.81,0.86,0.04,86.93,2.17,13.02,49.09,25.67,0.7,86.93,1.68,0.9,0.537,0.45,0.268,59.17,343.83,162.19,3.19,0.12,0.78,1.19,70.8,0.0,0.98,1.06,0.0,0.0,0.0,0.0,4.67,0.41,0.37,0.526,,,,,,,,,,,,,,,,,,,,,,,,,,,,,,,,,,,
Moisés Caicedo,ec ECU,Chelsea,"MF,DF",22,24-25,EPL,0.03,0.05,0.08,0.03,0.0,0.0,0.3,0.0,0.02,0.02,0.08,0.1,1.15,5.77,0.99,0.54,0.08,0.15,0.05,0.33,25.3,0.0,0.04,0.01,0.01,52.83,58.93,0.897,908.7,240.35,23.98,25.89,0.926,23.58,25.54,0.923,4.27,5.59,0.764,0.08,0.81,6.31,0.91,0.05,56.83,1.99,1.26,0.32,0.35,0.27,0.73,0.0,0.0,0.0,0.0,0.11,1.05,2.63,2.31,0.0,0.05,0.0,0.08,0.19,0.24,0.16,0.0,0.0,0.0,0.05,0.03,3.06,1.96,1.18,1.45,0.43,1.45,2.31,0.628,0.86,1.32,0.27,1.32,4.38,1.61,0.03,69.27,2.55,15.09,42.17,12.78,0.4,69.27,1.72,0.78,0.4529999999999999,0.59,0.344,37.84,184.83,90.89,1.02,0.05,0.99,0.67,47.81,0.0,1.88,1.56,0.0,0.05,0.03,0.0,6.15,0.94,0.43,0.6859999999999999,,,,,,,,,,,,,,,,,,,,,,,,,,,,,,,,,,,
Darwin Núñez,uy URU,Liverpool,FW,25,24-25,EPL,0.4,0.16,0.56,0.4,0.0,0.0,0.64,0.0,0.46,0.46,0.1,0.56,1.83,2.14,6.2,2.7,1.03,0.382,0.15,0.38,14.3,0.0,0.17,-0.06,-0.06,12.95,18.27,0.7090000000000001,189.85,46.63,7.07,8.82,0.802,3.81,5.16,0.738,1.03,1.59,0.65,0.04,0.87,0.71,0.24,0.08,17.87,0.32,0.0,0.08,0.48,0.24,0.16,0.0,0.0,0.0,0.0,0.08,0.48,2.46,1.67,0.0,0.32,0.08,0.16,0.24,0.32,0.24,0.0,0.0,0.0,0.08,0.0,1.67,1.43,0.87,0.32,0.48,0.56,1.43,0.389,0.87,0.48,0.0,0.32,1.99,0.95,0.0,29.07,0.79,3.57,9.69,16.68,5.88,29.07,1.83,0.64,0.348,1.11,0.609,15.97,84.44,45.12,1.51,0.95,1.91,1.67,19.7,0.0,2.14,1.11,0.95,0.08,0.0,0.0,3.26,1.59,2.62,0.377,,,,,,,,,,,,,,,,,,,,,,,,,,,,,,,,,,,
Diogo Jota,pt POR,Liverpool,FW,27,24-25,EPL,0.45,0.23,0.68,0.45,0.0,0.0,0.15,0.0,0.59,0.59,0.14,0.74,2.78,2.56,6.62,3.84,0.98,0.255,0.12,0.46,12.4,0.0,0.16,-0.14,-0.14,16.25,23.33,0.6970000000000001,249.31,62.38,8.5,11.06,0.769,5.94,7.83,0.76,0.98,1.73,0.565,0.08,0.83,2.18,0.23,0.08,22.95,0.23,0.0,0.08,0.15,0.6,0.08,0.0,0.0,0.0,0.0,0.15,0.68,2.78,1.81,0.0,0.45,0.38,0.08,0.08,0.68,0.38,0.0,0.15,0.08,0.08,0.0,1.05,0.6,0.15,0.6,0.3,0.53,1.43,0.368,0.9,0.68,0.0,0.6,1.66,0.45,0.0,36.5,0.45,2.63,14.9,19.49,7.3,36.5,2.48,0.83,0.33299999999999996,1.51,0.606,19.79,112.88,59.9,1.73,1.58,3.01,1.66,25.06,0.0,1.73,1.05,0.08,0.08,0.0,0.0,3.09,1.66,2.41,0.40700000000000003,,,,,,,,,,,,,,,,,,,,,,,,,,,,,,,,,,,
Amadou Onana,be BEL,Aston Villa,MF,22,24-25,EPL,0.17,0.0,0.17,0.17,0.0,0.0,0.22,0.0,0.12,0.12,0.04,0.16,1.61,4.17,0.89,0.95,0.33,0.353,0.18,0.5,14.7,0.0,0.12,0.05,0.05,39.13,44.64,0.877,615.47,161.24,20.32,21.87,0.929,16.14,18.09,0.892,1.89,2.67,0.708,0.04,0.56,3.84,0.67,0.11,44.3,0.28,0.22,0.17,0.0,0.11,0.0,0.0,0.0,0.0,0.0,0.06,0.5,1.78,1.39,0.11,0.06,0.22,0.0,0.0,0.22,0.11,0.06,0.0,0.06,0.0,0.0,3.06,1.67,1.28,1.45,0.33,0.89,1.61,0.552,0.72,0.89,0.39,1.45,4.51,2.28,0.17,55.55,3.95,14.97,32.62,8.85,1.28,55.55,1.11,0.78,0.7,0.17,0.15,30.78,163.14,87.77,1.39,0.06,0.61,0.5,37.35,0.0,1.78,1.67,0.0,0.0,0.0,0.0,4.01,1.78,1.17,0.604,,,,,,,,,,,,,,,,,,,,,,,,,,,,,,,,,,,
Jamie Vardy,eng ENG,Leicester City,FW,37,24-25,EPL,0.29,0.13,0.41,0.26,0.03,0.06,0.16,0.0,0.36,0.31,0.1,0.4,0.92,0.7,3.83,1.79,0.73,0.41100000000000003,0.14,0.35,12.1,0.03,0.17,-0.07,-0.05,8.23,12.4,0.6629999999999999,120.38,13.52,4.5,6.06,0.742,2.74,3.63,0.754,0.48,0.7,0.682,0.08,0.61,0.35,0.32,0.03,10.68,1.5,0.0,0.03,0.03,0.35,0.0,0.0,0.0,0.0,0.0,0.22,0.13,1.5,1.05,0.0,0.19,0.06,0.19,0.0,0.32,0.16,0.0,0.06,0.03,0.06,0.0,0.61,0.41,0.22,0.22,0.16,0.13,0.41,0.308,0.29,0.26,0.13,0.16,0.77,0.77,0.0,18.68,0.96,1.94,8.67,8.29,3.54,18.62,0.73,0.35,0.478,0.32,0.435,9.09,47.95,22.86,0.41,0.51,1.08,0.45,12.18,0.0,0.8,0.73,0.86,0.06,0.0,0.0,1.24,1.59,1.75,0.47600000000000003,,,,,,,,,,,,,,,,,,,,,,,,,,,,,,,,,,,
Noussair Mazraoui,ma MAR,Manchester Utd,DF,26,24-25,EPL,0.0,0.03,0.03,0.0,0.0,0.0,0.1,0.0,0.02,0.02,0.05,0.07,1.33,3.65,1.84,0.41,0.1,0.231,0.0,0.0,20.6,0.0,0.05,-0.02,-0.02,48.39,56.48,0.857,731.26,255.48,26.45,28.95,0.9129999999999999,18.2,20.42,0.8909999999999999,2.32,4.12,0.562,0.06,0.63,3.96,0.63,0.16,50.04,6.41,0.76,0.22,0.19,0.73,5.33,0.0,0.0,0.0,0.0,0.03,0.86,1.78,1.46,0.06,0.03,0.06,0.1,0.06,0.03,0.03,0.0,0.0,0.0,0.0,0.0,3.65,2.16,1.84,1.33,0.48,1.87,2.98,0.628,1.11,1.14,0.29,1.08,4.73,3.01,0.03,67.83,5.3,26.61,30.95,11.07,0.95,67.83,1.52,0.82,0.542,0.57,0.375,37.17,173.82,91.46,1.01,0.1,0.79,0.54,40.88,0.0,1.21,0.79,0.13,0.0,0.03,0.0,4.73,1.59,0.95,0.625,,,,,,,,,,,,,,,,,,,,,,,,,,,,,,,,,,,
Mikel Merino,es ESP,Arsenal,"MF,FW",28,24-25,EPL,0.4,0.11,0.51,0.4,0.0,0.0,0.23,0.06,0.33,0.33,0.11,0.45,0.62,3.92,5.33,2.16,0.74,0.342,0.18,0.54,10.7,0.0,0.16,0.06,0.06,25.59,32.74,0.782,350.81,100.78,16.17,18.61,0.8690000000000001,7.26,9.36,0.7759999999999999,0.96,1.76,0.5479999999999999,0.07,0.96,2.27,1.36,0.23,32.18,0.28,0.23,0.28,0.06,0.74,0.06,0.0,0.0,0.0,0.0,0.28,0.74,2.44,1.99,0.0,0.0,0.34,0.11,0.0,0.23,0.17,0.0,0.0,0.06,0.0,0.0,2.61,1.59,0.4,1.48,0.74,1.13,2.04,0.556,0.91,1.02,0.28,0.85,3.46,1.48,0.11,44.43,2.1,7.94,18.73,18.33,4.48,44.43,1.31,0.51,0.391,0.57,0.435,22.02,86.14,42.39,0.74,0.23,1.36,1.53,28.6,0.06,2.33,1.31,0.4,0.0,0.0,0.0,4.88,3.35,3.12,0.518,,,,,,,,,,,,,,,,,,,,,,,,,,,,,,,,,,,
Ollie Watkins,eng ENG,Aston Villa,FW,28,24-25,EPL,0.55,0.28,0.83,0.49,0.07,0.07,0.07,0.0,0.53,0.48,0.11,0.59,1.91,1.07,5.72,2.84,1.25,0.439,0.17,0.39,12.1,0.0,0.17,0.02,0.01,10.64,14.69,0.7240000000000001,135.62,22.73,6.65,8.52,0.78,2.94,3.81,0.773,0.31,0.45,0.6920000000000001,0.07,0.83,0.42,0.45,0.0,14.38,0.21,0.0,0.03,0.03,0.24,0.0,0.0,0.0,0.0,0.0,0.1,0.28,1.84,1.25,0.0,0.14,0.24,0.21,0.0,0.42,0.28,0.0,0.03,0.03,0.07,0.0,0.35,0.24,0.0,0.21,0.14,0.1,0.38,0.273,0.28,0.38,0.1,0.28,0.62,0.52,0.07,24.08,0.62,1.73,8.59,14.1,5.82,24.01,1.42,0.35,0.244,0.94,0.659,14.17,77.7,38.97,0.73,1.32,2.08,1.73,19.12,0.0,1.0,1.14,0.55,0.07,0.0,0.0,1.49,1.8,2.46,0.423,,,,,,,,,,,,,,,,,,,,,,,,,,,,,,,,,,,
Matheus Nunes,pt POR,Manchester City,"DF,MF",25,24-25,EPL,0.05,0.32,0.38,0.05,0.0,0.0,0.22,0.0,0.06,0.06,0.24,0.3,3.39,4.25,9.41,0.48,0.22,0.444,0.11,0.25,19.0,0.0,0.14,-0.01,-0.01,57.26,66.34,0.863,882.2,160.97,32.15,35.0,0.919,21.4,24.62,0.8690000000000001,2.85,4.35,0.654,0.18,1.24,2.85,1.4,0.38,59.3,6.99,0.7,0.16,0.43,2.42,5.86,0.38,0.27,0.0,0.0,0.05,0.7,2.47,1.88,0.11,0.16,0.16,0.16,0.0,0.43,0.27,0.0,0.05,0.11,0.0,0.0,1.88,1.18,0.81,0.75,0.32,0.86,2.04,0.42100000000000004,1.18,0.91,0.22,0.81,2.69,2.04,0.11,76.13,2.53,13.49,30.11,33.01,3.33,76.13,2.2,1.02,0.46299999999999997,0.75,0.341,46.56,242.1,124.46,1.99,1.29,1.72,0.7,54.46,0.0,1.61,1.08,0.32,0.0,0.05,0.0,3.76,0.75,1.02,0.424,,,,,,,,,,,,,,,,,,,,,,,,,,,,,,,,,,,
Cole Palmer,eng ENG,Chelsea,MF,22,24-25,EPL,0.42,0.23,0.65,0.31,0.11,0.14,0.2,0.0,0.49,0.38,0.31,0.68,3.38,6.04,5.27,3.41,1.24,0.364,0.09,0.25,20.4,0.34,0.11,-0.06,-0.06,32.15,41.74,0.77,608.71,158.25,13.26,15.4,0.861,13.26,15.65,0.847,4.88,8.15,0.599,0.26,2.45,4.6,1.81,0.48,35.9,5.58,1.27,0.62,0.39,4.06,0.48,2.12,1.38,0.14,0.0,0.25,0.42,5.7,3.78,0.59,0.45,0.59,0.23,0.06,0.42,0.31,0.0,0.06,0.03,0.03,0.0,0.96,0.56,0.34,0.28,0.34,0.34,0.76,0.444,0.42,0.45,0.03,0.31,1.27,0.56,0.03,52.21,0.65,4.23,23.24,25.41,4.06,52.07,3.19,1.44,0.451,1.3,0.40700000000000003,33.08,223.29,107.29,2.14,1.16,2.0,1.04,38.53,0.0,0.42,1.69,0.2,0.03,0.0,0.0,2.99,0.06,0.2,0.222,,,,,,,,,,,,,,,,,,,,,,,,,,,,,,,,,,,
Abdoulaye Doucouré,ml MLI,Everton,MF,31,24-25,EPL,0.11,0.07,0.18,0.11,0.0,0.0,0.18,0.04,0.14,0.14,0.08,0.23,1.47,2.88,3.37,1.09,0.32,0.29,0.1,0.33,14.0,0.0,0.13,-0.04,-0.04,25.45,31.7,0.8029999999999999,382.92,79.12,13.41,15.66,0.857,9.23,11.09,0.8320000000000001,1.54,2.11,0.733,0.05,0.98,1.54,0.53,0.0,31.03,0.49,0.18,0.0,0.07,0.81,0.0,0.0,0.0,0.0,0.0,0.18,0.88,2.04,1.83,0.0,0.11,0.07,0.0,0.04,0.11,0.07,0.0,0.0,0.0,0.0,0.04,1.68,0.98,0.74,0.7,0.25,0.49,1.51,0.326,1.02,1.09,0.21,0.35,2.04,0.7,0.04,40.75,1.12,7.9,18.88,14.5,2.28,40.75,1.58,0.84,0.5329999999999999,0.74,0.467,21.2,103.62,49.0,0.91,0.28,1.33,1.33,26.33,0.04,1.72,0.18,0.35,0.0,0.0,0.0,5.27,1.05,1.54,0.405,,,,,,,,,,,,,,,,,,,,,,,,,,,,,,,,,,,
Bernd Leno,de GER,Fulham,GK,32,24-25,EPL,,,,,,0.11,,,,,,,,,,,,,,,,,,,,,,,,,,,,,,,,,,,,,,,,,,,,,,,,,,,,,,,,,,,,,,,,,,,,,,,,,,,,,,,,,,,,,,,,,,,,,,,,,,,,,,,,,,,,,,,,1.42,4.18,2.79,0.679,0.39,0.24,0.37,0.13,0.132,0.08,0.03,0.0,0.25,,0.0,0.16,0.05,1.29,0.29,-0.08,3.71,9.66,0.384,32.39,4.39,0.22699999999999998,28.9,4.53,0.512,41.9,13.34,0.61,0.045,0.87,13.3
Jordan Pickford,eng ENG,Everton,GK,30,24-25,EPL,,,,,,0.05,,,,,,,,,,,,,,,,,,,,,,,,,,,,,,,,,,,,,,,,,,,,,,,,,,,,,,,,,,,,,,,,,,,,,,,,,,,,,,,,,,,,,,,,,,,,,,,,,,,,,,,,,,,,,,,,1.16,4.29,3.08,0.73,0.29,0.39,0.32,0.32,0.316,0.0,0.05,0.0,1.0,,0.03,0.16,0.0,1.28,0.3,0.13,8.0,21.21,0.377,35.66,4.24,0.488,39.7,6.08,0.628,48.7,14.68,0.82,0.055999999999999994,1.5,15.2
Riccardo Calafiori,it ITA,Arsenal,DF,22,24-25,EPL,0.18,0.09,0.27,0.18,0.0,0.0,0.37,0.0,0.08,0.08,0.03,0.1,2.01,4.94,2.66,0.92,0.55,0.6,0.2,0.33,14.1,0.0,0.09,0.1,0.1,43.03,50.26,0.856,632.01,156.1,25.64,28.02,0.915,14.92,17.21,0.867,1.74,2.56,0.679,0.06,0.55,3.75,0.82,0.09,44.22,5.95,0.64,0.0,0.18,1.01,5.31,0.0,0.0,0.0,0.0,0.09,0.55,1.19,1.01,0.0,0.09,0.09,0.0,0.0,0.18,0.18,0.0,0.0,0.0,0.0,0.0,2.47,1.74,1.37,0.92,0.18,1.65,2.66,0.621,1.01,1.1,0.55,0.82,3.3,2.29,0.0,59.79,2.75,15.02,24.17,20.97,2.75,59.79,1.19,0.82,0.6920000000000001,0.27,0.231,28.2,151.53,81.39,1.37,0.27,1.1,0.46,36.07,0.0,1.46,0.55,0.27,0.0,0.0,0.0,3.2,2.01,1.28,0.611,,,,,,,,,,,,,,,,,,,,,,,,,,,,,,,,,,,
André Onana,cm CMR,Manchester Utd,GK,28,24-25,EPL,,,,,,0.12,,,,,,,,,,,,,,,,,,,,,,,,,,,,,,,,,,,,,,,,,,,,,,,,,,,,,,,,,,,,,,,,,,,,,,,,,,,,,,,,,,,,,,,,,,,,,,,,,,,,,,,,,,,,,,,,1.29,3.88,2.59,0.6890000000000001,0.29,0.26,0.44,0.26,0.265,0.09,0.03,0.0,0.25,,0.03,0.29,0.03,1.29,0.31,0.03,3.47,12.94,0.268,33.88,4.0,0.297,30.3,4.38,0.6579999999999999,47.2,11.74,0.65,0.055,0.68,11.8
Lisandro Martínez,ar ARG,Manchester Utd,DF,26,24-25,EPL,0.1,0.05,0.15,0.1,0.0,0.0,0.36,0.0,0.07,0.07,0.06,0.12,1.18,6.01,0.36,0.87,0.31,0.353,0.12,0.33,15.9,0.0,0.08,0.04,0.04,61.68,68.98,0.894,1042.99,362.62,26.83,28.48,0.9420000000000001,30.89,33.2,0.93,3.29,5.96,0.552,0.07,0.46,4.68,0.93,0.1,66.05,2.78,0.77,0.26,0.15,0.46,0.82,0.0,0.0,0.0,0.0,0.15,0.72,1.34,1.18,0.0,0.0,0.1,0.0,0.05,0.1,0.1,0.0,0.0,0.0,0.0,0.0,2.06,1.23,1.29,0.62,0.15,1.08,1.85,0.583,0.77,1.13,0.41,1.64,3.7,2.93,0.05,78.33,8.02,36.65,35.83,6.42,0.93,78.33,0.36,0.31,0.857,0.05,0.14300000000000002,52.27,264.24,160.83,1.18,0.1,0.05,0.15,54.95,0.0,1.13,0.36,0.0,0.0,0.0,0.0,4.16,0.82,0.67,0.552,,,,,,,,,,,,,,,,,,,,,,,,,,,,,,,,,,,
